CREATE DATABASE  IF NOT EXISTS `PartNumber` /*!40100 DEFAULT CHARACTER SET latin1 */;
USE `PartNumber`;
-- MySQL dump 10.13  Distrib 5.7.17, for Win64 (x86_64)
--
-- Host: 192.168.10.97    Database: PartNumber
-- ------------------------------------------------------
-- Server version	5.5.56

/*!40101 SET @OLD_CHARACTER_SET_CLIENT=@@CHARACTER_SET_CLIENT */;
/*!40101 SET @OLD_CHARACTER_SET_RESULTS=@@CHARACTER_SET_RESULTS */;
/*!40101 SET @OLD_COLLATION_CONNECTION=@@COLLATION_CONNECTION */;
/*!40101 SET NAMES utf8 */;
/*!40103 SET @OLD_TIME_ZONE=@@TIME_ZONE */;
/*!40103 SET TIME_ZONE='+00:00' */;
/*!40014 SET @OLD_UNIQUE_CHECKS=@@UNIQUE_CHECKS, UNIQUE_CHECKS=0 */;
/*!40014 SET @OLD_FOREIGN_KEY_CHECKS=@@FOREIGN_KEY_CHECKS, FOREIGN_KEY_CHECKS=0 */;
/*!40101 SET @OLD_SQL_MODE=@@SQL_MODE, SQL_MODE='NO_AUTO_VALUE_ON_ZERO' */;
/*!40111 SET @OLD_SQL_NOTES=@@SQL_NOTES, SQL_NOTES=0 */;

--
-- Table structure for table `Diameter`
--

DROP TABLE IF EXISTS `Diameter`;
/*!40101 SET @saved_cs_client     = @@character_set_client */;
/*!40101 SET character_set_client = utf8 */;
CREATE TABLE `Diameter` (
  `id` int(10) unsigned NOT NULL AUTO_INCREMENT,
  `diameter` varchar(255) NOT NULL DEFAULT '',
  `description` varchar(45) NOT NULL DEFAULT '',
  PRIMARY KEY (`id`)
) ENGINE=InnoDB AUTO_INCREMENT=10 DEFAULT CHARSET=latin1;
/*!40101 SET character_set_client = @saved_cs_client */;

--
-- Dumping data for table `Diameter`
--

LOCK TABLES `Diameter` WRITE;
/*!40000 ALTER TABLE `Diameter` DISABLE KEYS */;
INSERT INTO `Diameter` VALUES (1,'3\"','three_inch'),(2,'6\"','six_inch'),(3,'8\"','eight_inch'),(4,'10\"','ten_inch'),(5,'12\"','twelve_inch'),(6,'18\"','eighteen_inch'),(7,'200mm','two_hundred_mm'),(8,'Air Jet Sieves','air_jet'),(9,'Alpine Smart Sieves (e200LS)','air_jet_smart');
/*!40000 ALTER TABLE `Diameter` ENABLE KEYS */;
UNLOCK TABLES;

--
-- Table structure for table `Height`
--

DROP TABLE IF EXISTS `Height`;
/*!40101 SET @saved_cs_client     = @@character_set_client */;
/*!40101 SET character_set_client = utf8 */;
CREATE TABLE `Height` (
  `id` int(10) unsigned NOT NULL AUTO_INCREMENT,
  `height` varchar(255) NOT NULL DEFAULT '',
  PRIMARY KEY (`id`)
) ENGINE=InnoDB AUTO_INCREMENT=5 DEFAULT CHARSET=latin1;
/*!40101 SET character_set_client = @saved_cs_client */;

--
-- Dumping data for table `Height`
--

LOCK TABLES `Height` WRITE;
/*!40000 ALTER TABLE `Height` DISABLE KEYS */;
INSERT INTO `Height` VALUES (1,'Half Height'),(2,'Full Height'),(3,'Intermediate Height'),(4,'Air Jet Sieve');
/*!40000 ALTER TABLE `Height` ENABLE KEYS */;
UNLOCK TABLES;

--
-- Table structure for table `Material`
--

DROP TABLE IF EXISTS `Material`;
/*!40101 SET @saved_cs_client     = @@character_set_client */;
/*!40101 SET character_set_client = utf8 */;
CREATE TABLE `Material` (
  `id` int(10) unsigned NOT NULL AUTO_INCREMENT,
  `material` varchar(255) NOT NULL DEFAULT '',
  PRIMARY KEY (`id`)
) ENGINE=InnoDB AUTO_INCREMENT=3 DEFAULT CHARSET=latin1;
/*!40101 SET character_set_client = @saved_cs_client */;

--
-- Dumping data for table `Material`
--

LOCK TABLES `Material` WRITE;
/*!40000 ALTER TABLE `Material` DISABLE KEYS */;
INSERT INTO `Material` VALUES (1,'Brass'),(2,'Stainless Steel');
/*!40000 ALTER TABLE `Material` ENABLE KEYS */;
UNLOCK TABLES;

--
-- Table structure for table `Mesh`
--

DROP TABLE IF EXISTS `Mesh`;
/*!40101 SET @saved_cs_client     = @@character_set_client */;
/*!40101 SET character_set_client = utf8 */;
CREATE TABLE `Mesh` (
  `id` int(10) unsigned NOT NULL AUTO_INCREMENT,
  `mesh` varchar(255) NOT NULL DEFAULT '',
  `sort_id` int(10) unsigned NOT NULL DEFAULT '0',
  `three_inch` int(10) unsigned NOT NULL DEFAULT '0',
  `six_inch` int(10) unsigned NOT NULL DEFAULT '0',
  `eight_inch` int(10) unsigned NOT NULL DEFAULT '0',
  `ten_inch` int(10) unsigned NOT NULL DEFAULT '0',
  `twelve_inch` int(10) unsigned NOT NULL DEFAULT '0',
  `eighteen_inch` int(10) unsigned NOT NULL DEFAULT '0',
  `two_hundred_mm` int(10) unsigned NOT NULL DEFAULT '0',
  `air_jet` int(10) unsigned NOT NULL DEFAULT '0',
  `air_jet_smart` int(10) unsigned NOT NULL DEFAULT '0',
  PRIMARY KEY (`id`)
) ENGINE=InnoDB AUTO_INCREMENT=95 DEFAULT CHARSET=latin1;
/*!40101 SET character_set_client = @saved_cs_client */;

--
-- Dumping data for table `Mesh`
--

LOCK TABLES `Mesh` WRITE;
/*!40000 ALTER TABLE `Mesh` DISABLE KEYS */;
INSERT INTO `Mesh` VALUES (1,'4\" \\ 100mm',1,0,0,1,1,1,1,0,0,0),(2,'3-1/2\" \\ 90mm',2,0,0,1,1,1,1,0,0,0),(3,'3\" \\ 75mm',3,0,0,1,1,1,1,0,0,0),(4,'2-1/2\" \\ 63mm',4,0,0,1,1,1,1,0,0,0),(5,'2.12\" \\ 53mm',5,0,0,1,1,1,1,0,0,0),(6,'2\" \\ 50mm',6,0,0,1,1,1,1,0,0,0),(7,'1-3/4\" \\ 45mm',7,0,0,1,1,1,1,0,0,0),(8,'1-1/2\" \\ 37.5mm',8,0,0,1,1,1,1,1,0,0),(9,'1-1/4\" \\ 31.5mm',9,0,0,1,1,1,1,1,0,0),(10,'1.06\" \\ 26.5mm',11,0,0,1,1,1,1,1,0,0),(11,'1\" \\ 25.0mm',12,0,1,1,1,1,1,1,0,0),(12,'7/8\" \\ 22.4mm',13,0,1,1,1,1,1,1,0,0),(13,'3/4\" \\ 19.0mm',15,0,1,1,1,1,1,1,0,0),(14,'5/8\" \\ 16.0mm',17,0,1,1,1,1,1,1,0,0),(15,'.530\" \\ 13.2mm',19,0,1,1,1,1,1,1,0,0),(16,'1/2\" \\ 12.5mm',20,0,1,1,1,1,1,1,0,0),(17,'7/16\" \\ 11.2mm',21,0,1,1,1,1,1,1,0,0),(18,'3/8\" \\ 9.5mm',23,0,1,1,1,1,1,1,0,0),(19,'5/16\" \\ 8.0mm',25,0,1,1,1,1,1,1,0,0),(20,'.265\" \\ 6.7mm',27,0,1,1,1,1,1,1,0,0),(21,'1/4\" \\ 6.3mm',28,0,1,1,1,1,1,1,0,0),(22,'No. 3-1/2 \\ 5.6mm',29,1,1,1,1,1,1,1,0,0),(23,'No. 4 \\ 4.75mm',31,1,1,1,1,1,1,1,0,0),(24,'No. 5 \\ 4.0mm',33,1,1,1,1,1,1,1,0,0),(25,'No. 6 \\ 3.35mm',35,1,1,1,1,1,1,1,0,1),(26,'No. 7 \\ 2.8mm',37,1,1,1,1,1,1,1,0,1),(27,'No. 8 \\ 2.36mm',39,1,1,1,1,1,1,1,1,1),(28,'No. 10 \\ 2.0mm',41,1,1,1,1,1,1,1,1,1),(29,'No. 12 \\ 1.7mm',43,1,1,1,1,1,1,1,1,1),(30,'No. 14 \\ 1.4mm',45,1,1,1,1,1,1,1,1,1),(31,'No. 16 \\ 1.18mm',47,1,1,1,1,1,1,1,1,1),(32,'No. 18 \\ 1.0mm',49,1,1,1,1,1,1,1,1,1),(33,'No. 20 \\ 850 micron',51,1,1,1,1,1,1,1,1,1),(34,'No. 25 \\ 710 micron',53,1,1,1,1,1,1,1,1,1),(35,'No. 30 \\ 600 micron',55,1,1,1,1,1,1,1,1,1),(36,'No. 35 \\ 500 micron',57,1,1,1,1,1,1,1,1,1),(37,'No. 40 \\ 425 micron',59,1,1,1,1,1,1,1,1,1),(38,'No. 45 \\ 355 micron',61,1,1,1,1,1,1,1,1,1),(39,'No. 50 \\ 300 micron',63,1,1,1,1,1,1,1,1,1),(40,'No. 60 \\ 250 micron',65,1,1,1,1,1,1,1,1,1),(41,'No. 70 \\ 212 micron',67,1,1,1,1,1,1,1,1,1),(42,'No. 80 \\ 180 micron',69,1,1,1,1,1,1,1,1,1),(43,'No. 100 \\ 150 micron',71,1,1,1,1,1,1,1,1,1),(44,'No. 120 \\ 125 micron',73,1,1,1,1,1,1,1,1,1),(45,'No. 140 \\ 106 micron',75,1,1,1,1,1,1,1,1,1),(46,'No. 170 \\ 90 micron',77,1,1,1,1,1,1,1,1,1),(47,'No. 200 \\ 75 micron',79,1,1,1,1,1,1,1,1,1),(48,'No. 230 \\ 63 micron',81,1,1,1,0,1,1,1,1,1),(49,'No. 270 \\ 53 micron',83,1,1,1,0,1,0,1,1,1),(50,'No. 325 \\ 45 micron',85,1,1,1,0,1,0,1,1,1),(51,'No. 400 \\ 38 micron',87,1,1,1,0,1,0,1,1,1),(52,'No. 450 \\ 32 micron',89,1,1,1,0,1,0,1,1,1),(53,'No. 500 \\ 25 micron',90,1,1,1,0,1,0,1,1,1),(54,'No. 635 \\ 20 micron',91,1,0,1,0,0,0,1,1,1),(55,'28.0mm',10,0,0,0,0,0,0,1,0,0),(56,'20.0mm',14,0,0,0,0,0,0,1,0,0),(57,'18.0mm',16,0,0,0,0,0,0,1,0,0),(58,'14.0mm',18,0,0,0,0,0,0,1,0,0),(59,'10.0mm',22,0,0,0,0,0,0,1,0,0),(60,'9.0mm',24,0,0,0,0,0,0,1,0,0),(62,'7.1mm',26,0,0,0,0,0,0,1,0,0),(64,'5.0mm',30,0,0,0,0,0,0,1,0,0),(65,'4.5mm',32,0,0,0,0,0,0,1,0,0),(66,'3.55mm',34,0,0,0,0,0,0,1,0,0),(67,'1/8\" \\ 3.15mm',36,0,0,0,0,0,0,1,0,0),(68,'2.5mm',38,0,0,0,0,0,0,1,0,0),(69,'2.24mm',40,0,0,0,0,0,0,1,0,0),(70,'1.8mm',42,0,0,0,0,0,0,1,0,0),(71,'1.6mm',44,0,0,0,0,0,0,1,0,0),(72,'1.25mm',46,0,0,0,0,0,0,1,0,0),(73,'1.12mm',48,0,0,0,0,0,0,1,0,0),(74,'900 micron',50,0,0,0,0,0,0,1,0,0),(75,'800 micron',52,0,0,0,0,0,0,1,0,0),(76,'630 micron',54,0,0,0,0,0,0,1,0,0),(77,'560 micron',56,0,0,0,0,0,0,1,0,0),(78,'450 micron',58,0,0,0,0,0,0,1,0,0),(79,'400 micron',60,0,0,0,0,0,0,1,0,0),(80,'315 micron',62,0,0,0,0,0,0,1,0,0),(81,'280 micron',64,0,0,0,0,0,0,1,0,0),(82,'224 micron',66,0,0,0,0,0,0,1,0,0),(83,'200 micron',68,0,0,0,0,0,0,1,0,0),(84,'160 micron',70,0,0,0,0,0,0,1,0,0),(85,'140 micron',72,0,0,0,0,0,0,1,0,0),(86,'112 micron',74,0,0,0,0,0,0,1,0,0),(87,'100 micron',76,0,0,0,0,0,0,1,0,0),(88,'80 micron',78,0,0,0,0,0,0,1,0,0),(89,'71 micron',80,0,0,0,0,0,0,1,0,0),(90,'56 micron',82,0,0,0,0,0,0,1,0,0),(91,'50 micron',84,0,0,0,0,0,0,1,0,0),(92,'40 micron',86,0,0,0,0,0,0,1,0,0),(93,'36 micron',88,0,0,0,0,0,0,1,0,0),(94,'',0,0,0,0,0,0,0,0,0,0);
/*!40000 ALTER TABLE `Mesh` ENABLE KEYS */;
UNLOCK TABLES;

--
-- Table structure for table `XRefPartNumber`
--

DROP TABLE IF EXISTS `XRefPartNumber`;
/*!40101 SET @saved_cs_client     = @@character_set_client */;
/*!40101 SET character_set_client = utf8 */;
CREATE TABLE `XRefPartNumber` (
  `id` int(10) unsigned NOT NULL AUTO_INCREMENT,
  `diameter_id` int(10) unsigned NOT NULL DEFAULT '0',
  `frame_material_id` int(10) unsigned NOT NULL DEFAULT '0',
  `height_id` int(10) unsigned NOT NULL DEFAULT '0',
  `mesh_id` int(10) unsigned NOT NULL DEFAULT '0',
  `mesh_material_id` int(10) unsigned NOT NULL DEFAULT '0',
  `part_number` int(10) unsigned NOT NULL DEFAULT '0',
  PRIMARY KEY (`id`)
) ENGINE=InnoDB AUTO_INCREMENT=1336 DEFAULT CHARSET=latin1;
/*!40101 SET character_set_client = @saved_cs_client */;

--
-- Dumping data for table `XRefPartNumber`
--

LOCK TABLES `XRefPartNumber` WRITE;
/*!40000 ALTER TABLE `XRefPartNumber` DISABLE KEYS */;
INSERT INTO `XRefPartNumber` VALUES (1,1,2,1,22,2,1700),(2,1,2,2,22,2,1285),(3,1,1,1,22,2,1617),(4,1,1,2,22,2,1534),(5,1,2,1,23,2,1701),(6,1,2,2,23,2,1286),(7,1,1,1,23,2,1618),(8,1,1,2,23,2,1535),(9,1,2,2,24,2,1287),(10,1,2,2,25,2,1288),(11,1,2,2,26,2,1289),(12,1,2,2,27,2,1290),(13,1,2,2,28,2,1291),(14,1,2,2,29,2,1292),(15,1,2,2,30,2,1293),(16,1,2,2,31,2,1294),(17,1,2,2,32,2,1295),(18,1,2,2,33,2,1296),(19,1,2,2,34,2,1297),(20,1,2,2,35,2,1298),(21,1,2,2,36,2,1299),(22,1,2,2,37,2,1300),(23,1,2,2,38,2,1301),(24,1,2,2,39,2,1302),(25,1,2,2,40,2,1303),(26,1,2,2,41,2,1304),(27,1,2,2,42,2,1305),(28,1,2,2,43,2,1306),(29,1,2,2,44,2,1307),(30,1,2,2,45,2,1308),(31,1,2,2,46,2,1309),(32,1,2,2,47,2,1310),(33,1,2,2,48,2,1311),(34,1,2,2,49,2,1312),(35,1,2,2,50,2,1313),(36,1,2,2,51,2,1314),(37,1,2,2,52,2,1324),(38,1,2,2,53,2,1315),(39,1,2,2,54,2,1325),(40,1,2,1,24,2,1702),(41,1,2,1,25,2,1703),(42,1,2,1,26,2,1704),(43,1,2,1,27,2,1705),(44,1,2,1,28,2,1706),(45,1,2,1,29,2,1707),(46,1,2,1,30,2,1708),(47,1,2,1,31,2,1709),(48,1,2,1,32,2,1710),(49,1,2,1,33,2,1711),(50,1,2,1,34,2,1712),(51,1,2,1,35,2,1713),(52,1,2,1,36,2,1714),(53,1,2,1,37,2,1715),(54,1,2,1,38,2,1716),(55,1,2,1,39,2,1717),(56,1,2,1,40,2,1718),(57,1,2,1,41,2,1719),(58,1,2,1,42,2,1720),(59,1,2,1,43,2,1721),(60,1,2,1,44,2,1722),(61,1,2,1,45,2,1723),(62,1,2,1,46,2,1724),(63,1,2,1,47,2,1725),(64,1,2,1,48,2,1726),(65,1,2,1,49,2,1727),(66,1,2,1,50,2,1728),(67,1,2,1,51,2,1729),(68,1,2,1,52,2,1730),(69,1,2,1,53,2,1731),(70,1,2,1,54,2,1732),(71,1,1,1,24,2,1619),(72,1,1,1,25,2,1620),(73,1,1,1,26,2,1621),(74,1,1,1,27,2,1622),(75,1,1,1,28,2,1623),(76,1,1,1,29,2,1624),(77,1,1,1,30,2,1625),(78,1,1,1,31,2,1626),(79,1,1,1,32,2,1627),(80,1,1,1,33,2,1628),(81,1,1,1,34,2,1629),(82,1,1,1,35,2,1630),(83,1,1,1,36,2,1631),(84,1,1,1,37,2,1632),(85,1,1,1,38,2,1633),(86,1,1,1,39,2,1634),(87,1,1,1,40,2,1635),(88,1,1,1,41,2,1636),(89,1,1,1,42,2,1637),(90,1,1,1,43,2,1638),(91,1,1,1,44,2,1639),(92,1,1,1,45,2,1640),(93,1,1,1,46,2,1641),(94,1,1,1,47,2,1642),(95,1,1,1,48,2,1643),(96,1,1,1,49,2,1644),(97,1,1,1,50,2,1645),(98,1,1,1,51,2,1646),(99,1,1,1,52,2,1648),(100,1,1,1,53,2,1647),(101,1,1,1,54,2,1649),(102,1,1,2,24,2,1536),(103,1,1,2,25,2,1537),(104,1,1,2,26,2,1538),(105,1,1,2,27,2,1539),(106,1,1,2,28,2,1540),(107,1,1,2,29,2,1541),(108,1,1,2,30,2,1542),(109,1,1,2,31,2,1543),(110,1,1,2,32,2,1544),(111,1,1,2,33,2,1545),(112,1,1,2,34,2,1546),(113,1,1,2,35,2,1548),(114,1,1,2,36,2,1547),(115,1,1,2,37,2,1549),(116,1,1,2,38,2,1550),(117,1,1,2,39,2,1551),(118,1,1,2,40,2,1552),(119,1,1,2,41,2,1553),(120,1,1,2,42,2,1554),(121,1,1,2,43,2,1555),(122,1,1,2,44,2,1556),(123,1,1,2,45,2,1557),(124,1,1,2,46,2,1558),(125,1,1,2,47,2,1559),(126,1,1,2,48,2,1560),(127,1,1,2,49,2,1561),(128,1,1,2,50,2,1562),(129,1,1,2,51,2,1563),(130,1,1,2,52,2,1565),(131,1,1,2,53,2,1564),(132,1,1,2,54,2,1566),(133,2,2,2,11,2,3845),(134,2,2,2,12,2,3846),(135,2,2,2,13,2,3847),(136,2,2,2,14,2,3848),(137,2,2,2,15,2,3849),(138,2,2,2,16,2,3850),(139,2,2,2,17,2,3851),(140,2,2,2,18,2,3852),(141,2,2,2,19,2,3853),(142,2,2,2,20,2,3854),(143,2,2,2,21,2,3855),(144,2,2,2,22,2,3856),(145,2,2,2,23,2,3857),(146,2,2,2,24,2,3858),(147,2,2,2,25,2,3859),(148,2,2,2,26,2,3860),(149,2,2,2,27,2,3861),(150,2,2,2,28,2,3862),(151,2,2,2,29,2,3863),(152,2,2,2,30,2,3864),(153,2,2,2,31,2,3865),(154,2,2,2,32,2,3866),(155,2,2,2,33,2,3867),(156,2,2,2,34,2,3868),(157,2,2,2,35,2,3869),(158,2,2,2,36,2,3870),(159,2,2,2,37,2,3871),(160,2,2,2,38,2,3872),(161,2,2,2,39,2,3873),(162,2,2,2,40,2,3874),(163,2,2,2,41,2,3875),(164,2,2,2,42,2,3876),(165,2,2,2,43,2,3877),(166,2,2,2,44,2,3878),(167,2,2,2,45,2,3879),(168,2,2,2,46,2,3880),(169,2,2,2,47,2,3881),(170,2,2,2,48,2,3882),(171,2,2,2,49,2,3883),(172,2,2,2,50,2,3884),(173,2,2,2,51,2,3885),(174,2,2,2,52,2,3889),(175,2,2,2,53,2,3386),(176,2,2,1,22,2,4022),(177,2,2,1,23,2,4023),(178,2,2,1,24,2,4024),(179,2,2,1,25,2,4025),(180,2,2,1,26,2,4026),(181,2,2,1,27,2,4027),(182,2,2,1,28,2,4028),(183,2,2,1,29,2,4029),(184,2,2,1,30,2,4030),(185,2,2,1,31,2,4031),(186,2,2,1,32,2,4032),(187,2,2,1,33,2,4033),(188,2,2,1,34,2,4034),(189,2,2,1,35,2,4035),(190,2,2,1,36,2,4036),(191,2,2,1,37,2,4037),(192,2,2,1,38,2,4038),(193,2,2,1,39,2,4039),(194,2,2,1,40,2,4040),(195,2,2,1,41,2,4041),(196,2,2,1,42,2,4042),(197,2,2,1,43,2,4043),(198,2,2,1,44,2,4044),(199,2,2,1,45,2,4045),(200,2,2,1,46,2,4046),(201,2,2,1,47,2,4047),(202,2,2,1,48,2,4048),(203,2,2,1,49,2,4049),(204,2,2,1,50,2,4050),(205,2,2,1,51,2,4051),(206,2,2,1,52,2,4053),(207,2,2,1,53,2,4052),(208,4,2,2,1,2,5799),(209,4,2,2,2,2,5800),(210,4,2,2,3,2,5801),(211,4,2,2,4,2,5802),(212,4,2,2,5,2,5803),(213,4,2,2,6,2,5804),(214,4,2,2,7,2,5805),(215,4,2,2,8,2,5806),(216,4,2,2,9,2,5807),(217,4,2,2,10,2,5808),(218,4,2,2,11,2,5809),(219,4,2,2,12,2,5810),(220,4,2,2,13,2,5811),(221,4,2,2,14,2,5812),(222,4,2,2,15,2,5813),(223,4,2,2,16,2,5814),(224,4,2,2,17,2,5815),(225,4,2,2,18,2,5816),(226,4,2,2,19,2,5817),(227,4,2,2,20,2,5818),(228,4,2,2,21,2,5819),(229,4,2,2,22,2,5820),(230,4,2,2,22,2,5820),(231,4,2,2,22,2,5820),(232,4,2,2,23,2,5821),(233,4,2,2,24,2,5822),(234,4,2,2,25,2,5823),(235,4,2,2,26,2,5824),(236,4,2,2,27,2,5825),(237,4,2,2,28,2,5826),(238,4,2,2,29,2,5827),(239,4,2,2,30,2,5828),(240,4,2,2,31,2,5829),(241,4,2,2,32,2,5830),(242,4,2,2,33,2,5831),(243,4,2,2,34,2,5832),(244,4,2,2,35,2,5833),(245,4,2,2,36,2,5834),(246,4,2,2,37,2,5835),(247,4,2,2,38,2,5836),(248,4,2,2,39,2,5837),(249,4,2,2,40,2,5838),(250,4,2,2,41,2,5839),(251,4,2,2,42,2,5840),(252,4,2,2,43,2,5841),(253,4,2,2,44,2,5842),(254,4,2,2,45,2,5843),(255,4,2,2,46,2,5844),(256,4,2,2,47,2,5845),(257,3,2,2,1,2,5167),(258,3,2,2,2,2,5168),(259,3,2,2,3,2,5169),(260,3,2,2,4,2,5170),(261,3,2,2,5,2,5171),(262,3,2,2,6,2,5172),(263,3,2,2,7,2,5173),(264,3,2,2,8,2,5174),(265,3,2,2,9,2,5175),(266,3,2,2,10,2,5176),(267,3,2,2,11,2,5177),(268,3,2,2,12,2,5178),(269,3,2,2,13,2,5179),(270,3,2,2,14,2,5180),(271,3,2,2,15,2,5181),(272,3,2,2,16,2,5182),(273,3,2,2,17,2,5183),(274,3,2,2,18,2,5184),(275,3,2,2,19,2,5185),(276,3,2,2,20,2,5186),(277,3,2,2,21,2,5187),(278,3,2,2,21,2,5187),(279,3,2,2,22,2,5188),(280,3,2,2,23,2,5189),(281,3,2,2,23,2,5189),(282,3,2,2,23,2,5189),(283,3,2,2,23,2,5189),(284,3,2,2,23,2,5189),(285,3,2,2,23,2,5189),(286,3,2,2,23,2,5189),(287,3,2,2,23,2,5189),(288,3,2,2,23,2,5189),(289,3,2,2,23,2,5189),(290,3,2,2,23,2,5189),(291,3,2,2,23,2,5189),(292,3,2,2,23,2,5189),(293,3,2,2,23,2,5189),(294,3,2,2,24,2,5190),(295,3,2,2,25,2,5191),(296,3,2,2,26,2,5192),(297,3,2,2,26,2,5192),(298,3,2,2,27,2,5193),(299,3,2,2,28,2,5194),(300,3,2,2,29,2,5195),(301,3,2,2,30,2,5196),(302,3,2,2,30,2,5196),(303,3,2,2,31,2,5197),(304,3,2,2,32,2,5198),(305,3,2,2,33,2,5199),(306,3,2,2,34,2,5200),(307,3,2,2,35,2,5201),(308,3,2,2,36,2,5202),(309,3,2,2,37,2,5203),(310,3,2,2,38,2,5204),(311,3,2,2,38,2,5204),(312,3,2,2,39,2,5205),(313,3,2,2,39,2,5205),(314,3,2,2,40,2,5206),(315,3,2,2,41,2,5207),(316,3,2,2,42,2,5208),(317,3,2,2,42,2,5208),(318,3,2,2,43,2,5209),(319,3,2,2,44,2,5210),(320,3,2,2,45,2,5211),(321,3,2,2,46,2,5212),(322,3,2,2,47,2,5213),(323,3,2,2,47,2,5213),(324,3,2,2,48,2,5214),(325,3,2,2,49,2,5215),(326,3,2,2,50,2,5216),(327,3,2,2,51,2,5217),(328,3,2,2,52,2,5256),(329,3,2,2,53,2,5218),(330,3,2,2,54,2,5257),(331,3,2,1,21,2,5353),(332,3,2,1,22,2,5354),(333,3,2,1,23,2,5355),(334,3,2,1,24,2,5356),(335,3,2,1,25,2,5357),(336,3,2,1,26,2,5358),(337,3,2,1,27,2,5359),(338,3,2,1,28,2,5360),(339,3,2,1,29,2,5361),(340,3,2,1,30,2,5362),(341,3,2,1,31,2,5363),(342,3,2,1,32,2,5364),(343,3,2,1,33,2,5365),(344,3,2,1,34,2,5366),(345,3,2,1,35,2,5367),(346,3,2,1,36,2,5368),(347,3,2,1,37,2,5369),(348,3,2,1,38,2,5370),(349,3,2,1,39,2,5371),(350,3,2,1,40,2,5372),(352,3,2,1,41,2,5373),(353,3,2,1,42,2,5374),(354,3,2,1,43,2,5375),(355,3,2,1,44,2,5376),(356,3,2,1,45,2,5377),(357,3,2,1,46,2,5378),(361,3,2,1,47,2,5379),(362,3,2,1,48,2,5380),(370,3,2,1,49,2,5381),(371,3,2,1,50,2,5382),(372,3,2,1,51,2,5383),(373,3,2,1,52,2,5389),(374,3,2,1,53,2,5384),(375,3,2,1,54,2,5391),(376,3,1,2,1,2,4835),(377,3,1,2,2,2,4836),(378,3,1,2,3,2,4837),(379,3,1,2,4,2,4838),(380,3,1,2,5,2,4839),(381,3,1,2,6,2,4840),(382,3,1,2,7,2,4841),(383,3,1,2,8,2,4842),(384,3,1,2,9,2,4843),(385,3,1,2,10,2,4844),(386,3,1,2,11,2,4845),(387,3,1,2,12,2,4846),(388,3,1,2,13,2,4847),(389,3,1,2,14,2,4848),(390,3,1,2,15,2,4849),(391,3,1,2,16,2,4850),(392,3,1,2,17,2,4851),(393,3,1,2,18,2,4852),(394,3,1,2,19,2,4853),(395,3,1,2,20,2,4854),(396,3,1,2,21,2,4855),(397,3,1,2,22,2,4856),(398,3,1,2,23,2,4857),(399,3,1,2,24,2,4858),(400,3,1,2,25,2,4859),(401,3,1,2,26,2,4860),(402,3,1,2,27,2,4861),(403,3,1,2,28,2,4862),(404,3,1,2,29,2,4863),(405,3,1,2,30,2,4864),(406,3,1,2,31,2,4865),(407,3,1,2,32,2,4866),(408,3,1,2,33,2,4867),(410,3,1,2,34,2,4868),(412,3,1,2,35,2,4869),(413,3,1,2,36,2,4870),(414,3,1,2,37,2,4871),(415,3,1,2,38,2,4872),(416,3,1,2,39,2,4873),(417,3,1,2,40,2,4874),(418,3,1,2,41,2,4875),(419,3,1,2,42,2,4876),(420,3,1,2,43,2,4877),(421,3,1,2,44,2,4878),(422,3,1,2,45,2,4879),(423,3,1,2,46,2,4880),(424,3,1,2,47,2,4881),(425,3,1,2,48,2,4882),(427,3,1,2,49,2,4883),(428,3,1,2,50,2,4884),(431,3,1,2,51,2,4885),(433,3,1,2,52,2,4887),(434,3,1,2,53,2,4886),(435,3,1,2,54,2,2295),(436,3,1,1,21,2,5021),(437,3,1,1,22,2,5022),(438,3,1,1,23,2,5023),(439,3,1,1,24,2,5024),(440,3,1,1,25,2,5025),(441,3,1,1,26,2,5026),(442,3,1,1,27,2,5027),(443,3,1,1,28,2,5028),(444,3,1,1,29,2,5029),(445,3,1,1,30,2,5030),(446,3,1,1,31,2,5031),(447,3,1,1,32,2,5032),(448,3,1,1,33,2,5033),(449,3,1,1,34,2,5034),(450,3,1,1,35,2,5035),(451,3,1,1,36,2,5036),(452,3,1,1,37,2,5037),(453,3,1,1,38,2,5038),(454,3,1,1,39,2,5039),(455,3,1,1,40,2,5040),(456,3,1,1,41,2,5041),(457,3,1,1,42,2,5042),(458,3,1,1,43,2,5043),(459,3,1,1,44,2,5044),(460,3,1,1,45,2,5045),(461,3,1,1,46,2,5046),(462,3,1,1,47,2,5047),(463,3,1,1,48,2,5048),(464,3,1,1,49,2,5049),(465,3,1,1,50,2,5050),(466,3,1,1,51,2,5051),(467,3,1,1,52,2,2113),(468,3,1,1,53,2,5052),(469,3,1,1,54,2,2296),(470,3,1,2,27,1,4529),(471,3,1,2,28,1,4530),(472,3,1,2,29,1,4531),(473,3,1,2,30,1,4532),(474,3,1,2,31,1,4533),(475,3,1,2,32,1,4534),(476,3,1,2,33,1,4535),(477,3,1,2,34,1,4536),(478,3,1,2,35,1,4537),(479,3,1,2,36,1,4538),(480,3,1,2,37,1,4539),(481,3,1,2,38,1,4540),(482,3,1,2,39,1,4541),(483,3,1,2,40,1,4542),(484,3,1,2,41,1,4543),(485,3,1,2,42,1,4544),(486,3,1,2,43,1,4545),(487,3,1,2,44,1,4546),(488,3,1,2,45,1,4547),(489,3,1,2,46,1,4548),(490,3,1,2,47,1,4549),(491,3,1,2,48,1,4550),(492,3,1,2,49,1,4551),(493,3,1,2,50,1,4552),(494,3,1,1,27,1,4695),(495,3,1,1,28,1,4696),(496,3,1,1,29,1,4697),(497,3,1,1,30,1,4698),(498,3,1,1,31,1,4699),(499,3,1,1,32,1,4700),(500,3,1,1,33,1,4701),(501,3,1,1,34,1,4702),(502,3,1,1,35,1,4703),(503,3,1,1,36,1,4704),(504,3,1,1,37,1,4705),(505,3,1,1,38,1,4706),(506,3,1,1,39,1,4707),(507,3,1,1,40,1,4708),(508,3,1,1,41,1,4709),(509,3,1,1,42,1,4710),(510,3,1,1,43,1,4711),(511,3,1,1,44,1,4712),(512,3,1,1,45,1,4713),(513,3,1,1,46,1,4714),(514,3,1,1,47,1,4715),(515,3,1,1,48,1,4716),(516,3,1,1,49,1,4717),(517,3,1,1,50,1,4718),(518,5,2,2,1,2,6635),(519,5,2,2,2,2,6636),(520,5,2,2,3,2,6637),(521,5,2,2,4,2,6638),(522,5,2,2,5,2,6639),(523,5,2,2,6,2,6640),(524,5,2,2,7,2,6641),(525,5,2,2,8,2,6642),(526,5,2,2,9,2,6643),(527,5,2,2,10,2,6644),(528,5,2,2,11,2,6645),(529,5,2,2,12,2,6646),(530,5,2,2,13,2,6647),(531,5,2,2,14,2,6648),(532,5,2,2,15,2,6649),(533,5,2,2,16,2,6650),(534,5,2,2,17,2,6651),(535,5,2,2,18,2,6652),(536,5,2,2,19,2,6653),(537,5,2,2,20,2,6654),(538,5,2,2,21,2,6655),(539,5,2,2,22,2,6656),(540,5,2,2,23,2,6657),(541,5,2,2,24,2,6658),(542,5,2,2,25,2,6659),(543,5,2,2,26,2,6660),(544,5,2,2,27,2,6661),(545,5,2,2,28,2,6662),(546,5,2,2,29,2,6663),(547,5,2,2,30,2,6664),(548,5,2,2,31,2,6665),(549,5,2,2,32,2,6666),(550,5,2,2,33,2,6667),(551,5,2,2,34,2,6668),(552,5,2,2,35,2,6669),(553,5,2,2,36,2,6670),(554,5,2,2,37,2,6671),(555,5,2,2,38,2,6672),(556,5,2,2,39,2,6673),(557,5,2,2,40,2,6674),(558,5,2,2,41,2,6675),(559,5,2,2,42,2,6676),(560,5,2,2,43,2,6677),(561,5,2,2,44,2,6678),(562,5,2,2,45,2,6679),(563,5,2,2,46,2,6680),(564,5,2,2,47,2,6681),(565,5,2,2,48,2,6682),(566,5,2,2,49,2,6683),(567,5,2,2,50,2,6684),(568,5,2,2,51,2,6685),(569,5,2,2,52,2,6762),(570,5,2,2,53,2,6686),(571,5,2,3,1,2,2300),(572,5,2,3,2,2,9109),(573,5,2,3,3,2,2155),(574,5,2,3,4,2,9281),(575,5,2,3,5,2,2301),(576,5,2,3,6,2,9282),(577,5,2,3,7,2,6705),(578,5,2,3,8,2,9193),(579,5,2,3,9,2,9194),(580,5,2,3,10,2,2302),(581,5,2,3,11,2,9195),(582,5,2,3,12,2,6704),(583,5,2,3,13,2,9196),(584,5,2,3,14,2,9411),(585,5,2,3,15,2,9431),(586,5,2,3,16,2,9197),(587,5,2,3,17,2,6702),(588,5,2,3,18,2,9198),(589,5,2,3,19,2,6703),(590,5,2,3,20,2,2303),(591,5,2,3,21,2,9199),(592,5,2,3,22,2,2218),(593,5,2,3,23,2,9280),(594,5,2,3,24,2,9098),(595,5,2,3,25,2,9113),(596,5,2,3,26,2,9099),(597,5,2,3,27,2,9100),(598,5,2,3,28,2,9214),(599,5,2,3,29,2,9136),(600,5,2,3,30,2,9271),(601,5,2,3,31,2,9148),(602,5,2,3,32,2,9079),(603,5,2,3,33,2,9080),(604,5,2,3,34,2,9081),(605,5,2,3,35,2,9082),(606,5,2,3,36,2,9083),(607,5,2,3,37,2,9084),(608,5,2,3,38,2,9085),(609,5,2,3,39,2,9086),(610,5,2,3,40,2,9087),(611,5,2,3,41,2,9149),(612,5,2,3,42,2,9215),(613,5,2,3,43,2,9088),(614,5,2,3,44,2,9089),(615,5,2,3,45,2,9010),(616,5,2,3,46,2,9090),(617,5,2,3,47,2,9091),(618,5,2,3,48,2,9092),(619,5,2,3,49,2,9093),(620,5,2,3,50,2,9094),(621,5,2,3,51,2,9013),(622,5,2,3,52,2,2304),(623,5,2,3,53,2,9212),(624,5,2,1,1,2,6801),(625,5,2,1,2,2,6802),(626,5,2,1,3,2,6803),(627,5,2,1,4,2,6804),(628,5,2,1,5,2,6805),(629,5,2,1,6,2,6806),(630,5,2,1,7,2,6807),(631,5,2,1,8,2,6808),(632,5,2,1,9,2,6809),(633,5,2,1,10,2,6810),(634,5,2,1,11,2,6811),(635,5,2,1,12,2,6812),(636,5,2,1,13,2,6813),(637,5,2,1,14,2,6814),(638,5,2,1,15,2,6815),(639,5,2,1,16,2,6816),(640,5,2,1,17,2,6817),(641,5,2,1,18,2,6818),(642,5,2,1,19,2,6819),(643,5,2,1,20,2,6820),(644,5,2,1,21,2,6821),(645,5,2,1,22,2,6822),(646,5,2,1,23,2,6823),(647,5,2,1,24,2,6824),(648,5,2,1,25,2,6825),(649,5,2,1,26,2,6826),(650,5,2,1,27,2,6827),(651,5,2,1,28,2,6828),(652,5,2,1,29,2,6829),(653,5,2,1,30,2,6830),(654,5,2,1,31,2,6831),(655,5,2,1,32,2,6832),(656,5,2,1,33,2,6833),(657,5,2,1,34,2,6834),(658,5,2,1,35,2,6835),(659,5,2,1,36,2,6836),(660,5,2,1,37,2,6837),(661,5,2,1,38,2,6838),(662,5,2,1,39,2,6839),(663,5,2,1,40,2,6840),(664,5,2,1,41,2,6841),(665,5,2,1,42,2,6842),(666,5,2,1,43,2,6843),(667,5,2,1,44,2,6844),(668,5,2,1,45,2,6845),(669,5,2,1,46,2,6846),(670,5,2,1,47,2,6847),(671,5,2,1,48,2,6848),(672,5,2,1,49,2,6849),(673,5,2,1,50,2,6850),(674,5,2,1,51,2,6851),(675,5,2,1,52,2,6856),(676,5,2,1,53,2,6852),(677,5,1,1,1,2,2297),(678,5,1,1,2,2,2298),(679,5,1,1,3,2,7135),(680,5,1,1,4,2,7136),(681,5,1,1,5,2,7137),(682,5,1,1,6,2,7138),(683,5,1,1,7,2,7139),(684,5,1,1,8,2,7140),(685,5,1,1,9,2,7141),(686,5,1,1,10,2,7142),(687,5,1,1,11,2,7143),(688,5,1,1,12,2,7144),(689,5,1,1,13,2,7145),(690,5,1,1,14,2,7146),(691,5,1,1,15,2,7147),(692,5,1,1,16,2,7148),(693,5,1,1,17,2,7149),(694,5,1,1,18,2,7150),(695,5,1,1,19,2,7151),(696,5,1,1,20,2,7152),(697,5,1,1,21,2,7153),(698,5,1,1,22,2,7154),(699,5,1,1,23,2,7155),(700,5,1,1,24,2,7156),(701,5,1,1,25,2,7157),(702,5,1,1,26,2,7158),(703,5,1,1,27,2,7159),(704,5,1,1,28,2,7160),(705,5,1,1,29,2,7161),(706,5,1,1,30,2,7162),(707,5,1,1,31,2,7163),(708,5,1,1,32,2,7164),(709,5,1,1,33,2,7165),(710,5,1,1,34,2,7166),(711,5,1,1,35,2,7167),(712,5,1,1,36,2,7168),(713,5,1,1,37,2,7169),(714,5,1,1,38,2,7170),(715,5,1,1,39,2,7171),(716,5,1,1,40,2,7172),(717,5,1,1,41,2,7173),(718,5,1,1,42,2,7174),(719,5,1,1,43,2,7175),(720,5,1,1,44,2,7176),(721,5,1,1,45,2,7177),(722,5,1,1,46,2,7178),(723,5,1,1,47,2,7179),(724,5,1,1,48,2,7180),(725,5,1,1,49,2,7181),(726,5,1,1,50,2,7182),(727,5,1,1,51,2,7183),(728,5,1,1,52,2,2153),(729,5,1,1,53,2,7184),(730,5,1,2,1,2,6967),(731,5,1,2,2,2,6968),(732,5,1,2,3,2,6969),(733,5,1,2,4,2,6970),(734,5,1,2,5,2,6971),(735,5,1,2,6,2,6972),(736,5,1,2,7,2,6973),(737,5,1,2,8,2,6974),(738,5,1,2,9,2,6975),(739,5,1,2,10,2,6976),(740,5,1,2,11,2,6977),(741,5,1,2,12,2,6978),(742,5,1,2,13,2,6979),(743,5,1,2,14,2,6980),(744,5,1,2,15,2,6981),(745,5,1,2,16,2,6982),(746,5,1,2,17,2,6983),(747,5,1,2,18,2,6984),(748,5,1,2,19,2,6985),(749,5,1,2,20,2,6986),(750,5,1,2,21,2,6987),(751,5,1,2,22,2,6988),(752,5,1,2,23,2,6989),(753,5,1,2,24,2,6990),(754,5,1,2,25,2,6991),(755,5,1,2,26,2,6992),(756,5,1,2,27,2,6993),(757,5,1,2,28,2,6994),(758,5,1,2,29,2,6995),(759,5,1,2,30,2,6996),(760,5,1,2,31,2,6997),(761,5,1,2,32,2,6998),(762,5,1,2,33,2,6999),(763,5,1,2,34,2,7000),(764,5,1,2,35,2,7001),(765,5,1,2,36,2,7002),(766,5,1,2,37,2,7003),(767,5,1,2,38,2,7004),(768,5,1,2,39,2,7005),(769,5,1,2,40,2,7006),(770,5,1,2,41,2,7007),(771,5,1,2,42,2,7008),(772,5,1,2,43,2,7009),(773,5,1,2,44,2,7010),(774,5,1,2,45,2,7011),(775,5,1,2,46,2,7012),(776,5,1,2,47,2,7013),(777,5,1,2,48,2,7014),(778,5,1,2,49,2,7015),(779,5,1,2,50,2,7016),(780,5,1,2,51,2,7017),(781,5,1,2,52,2,2299),(782,5,1,2,53,2,7018),(783,5,1,3,1,2,7200),(784,5,1,3,2,2,7201),(785,5,1,3,3,2,7202),(786,5,1,3,4,2,7203),(787,5,1,3,5,2,7204),(788,5,1,3,6,2,7205),(789,5,1,3,7,2,7206),(790,5,1,3,8,2,7207),(791,5,1,3,9,2,7208),(792,5,1,3,10,2,7209),(793,5,1,3,11,2,7210),(794,5,1,3,12,2,7211),(795,5,1,3,13,2,7212),(796,5,1,3,14,2,7213),(797,5,1,3,15,2,7214),(798,5,1,3,16,2,7215),(799,5,1,3,17,2,7216),(800,5,1,3,18,2,7217),(801,5,1,3,19,2,7218),(802,5,1,3,20,2,7219),(803,5,1,3,21,2,7220),(804,5,1,3,22,2,7221),(805,5,1,3,23,2,7222),(806,5,1,3,24,2,7223),(807,5,1,3,25,2,7224),(808,5,1,3,26,2,7225),(809,5,1,3,27,2,7226),(810,5,1,3,28,2,7227),(811,5,1,3,29,2,7228),(812,5,1,3,30,2,7229),(813,5,1,3,31,2,7230),(814,5,1,3,32,2,7231),(815,5,1,3,33,2,7232),(816,5,1,3,34,2,7233),(817,5,1,3,35,2,7234),(818,5,1,3,36,2,7235),(819,5,1,3,37,2,7236),(820,5,1,3,38,2,7237),(821,5,1,3,39,2,7238),(822,5,1,3,40,2,7239),(823,5,1,3,41,2,7240),(824,5,1,3,42,2,7241),(825,5,1,3,43,2,7242),(826,5,1,3,44,2,7243),(827,5,1,3,45,2,7244),(828,5,1,3,46,2,7245),(829,5,1,3,47,2,7246),(830,5,1,3,48,2,7247),(831,5,1,3,49,2,7248),(832,5,1,3,50,2,7249),(833,5,1,3,51,2,7250),(834,5,1,3,52,2,7251),(835,5,1,3,53,2,7252),(836,5,1,2,27,1,6329),(837,5,1,2,28,1,6330),(838,5,1,2,29,1,6331),(839,5,1,2,30,1,6332),(840,5,1,2,31,1,6333),(841,5,1,2,32,1,6334),(842,5,1,2,33,1,6335),(843,5,1,2,34,1,6336),(844,5,1,2,35,1,6337),(845,5,1,2,36,1,6338),(846,5,1,2,37,1,6339),(847,5,1,2,38,1,6340),(848,5,1,2,39,1,6341),(849,5,1,2,40,1,6342),(850,5,1,2,41,1,6343),(851,5,1,2,42,1,6344),(852,5,1,2,43,1,6345),(853,5,1,2,44,1,6346),(854,5,1,2,45,1,6347),(855,5,1,2,46,1,6348),(856,5,1,2,47,1,6349),(857,5,1,2,48,1,6350),(858,5,1,2,49,1,6351),(859,5,1,2,50,1,6352),(860,5,1,1,27,1,6495),(861,5,1,1,28,1,6496),(862,5,1,1,29,1,6497),(863,5,1,1,30,1,6498),(864,5,1,1,31,1,6499),(865,5,1,1,32,1,6500),(866,5,1,1,33,1,6501),(867,5,1,1,34,1,6502),(868,5,1,1,35,1,6503),(869,5,1,1,36,1,6504),(870,5,1,1,37,1,6505),(871,5,1,1,38,1,6506),(872,5,1,1,39,1,6507),(873,5,1,1,40,1,6508),(874,5,1,1,41,1,6509),(875,5,1,1,42,1,6510),(876,5,1,1,43,1,6511),(877,5,1,1,44,1,6512),(878,5,1,1,45,1,6513),(879,5,1,1,46,1,6514),(880,5,1,1,47,1,6515),(881,5,1,1,48,1,6516),(882,5,1,1,49,1,6517),(883,5,1,1,50,1,6518),(884,6,1,2,1,2,7503),(885,6,1,2,2,2,7504),(886,6,1,2,3,2,7505),(887,6,1,2,4,2,7506),(888,6,1,2,5,2,7507),(889,6,1,2,6,2,7508),(890,6,1,2,7,2,7509),(891,6,1,2,8,2,7510),(892,6,1,2,9,2,7511),(893,6,1,2,10,2,7512),(894,6,1,2,11,2,7513),(895,6,1,2,12,2,7514),(896,6,1,2,13,2,7515),(897,6,1,2,14,2,7516),(898,6,1,2,15,2,7517),(899,6,1,2,16,2,7518),(900,6,1,2,17,2,7519),(901,6,1,2,18,2,7520),(902,6,1,2,19,2,7521),(903,6,1,2,20,2,7522),(904,6,1,2,21,2,7523),(905,6,1,2,22,2,7524),(906,6,1,2,23,2,7525),(907,6,1,2,24,2,7526),(908,6,1,2,25,2,7527),(909,6,1,2,26,2,7528),(910,6,1,2,27,2,7529),(911,6,1,2,28,2,7530),(912,6,1,2,29,2,7531),(913,6,1,2,30,2,7532),(914,6,1,2,31,2,7533),(915,6,1,2,32,2,7534),(916,6,1,2,33,2,7535),(917,6,1,2,34,2,7536),(918,6,1,2,35,2,7537),(919,6,1,2,36,2,7538),(920,6,1,2,37,2,7539),(921,6,1,2,38,2,7540),(922,6,1,2,39,2,7541),(923,6,1,2,40,2,7542),(924,6,1,2,41,2,7543),(925,6,1,2,42,2,7544),(926,6,1,2,43,2,7545),(927,6,1,2,44,2,7546),(928,6,1,2,45,2,7547),(929,6,1,2,46,2,7548),(930,6,1,2,47,2,7549),(931,6,1,2,48,2,7550),(932,7,2,2,8,2,7256),(933,7,2,2,9,2,7257),(934,7,2,2,55,2,7258),(935,7,2,2,10,2,7259),(936,7,2,2,11,2,7260),(937,7,2,2,12,2,7261),(938,7,2,2,56,2,7262),(939,7,2,2,13,2,7263),(940,7,2,2,57,2,7264),(941,7,2,2,14,2,7265),(942,7,2,2,58,2,7266),(943,7,2,2,15,2,7267),(944,7,2,2,16,2,7268),(945,7,2,2,17,2,7269),(946,7,2,2,59,2,7270),(947,7,2,2,18,2,7271),(948,7,2,2,60,2,7272),(949,7,2,2,19,2,7273),(950,7,2,2,62,2,7274),(951,7,2,2,20,2,7275),(952,7,2,2,21,2,7276),(953,7,2,2,22,2,7277),(954,7,2,2,64,2,7278),(955,7,2,2,23,2,7279),(956,7,2,2,65,2,7280),(957,7,2,2,24,2,7281),(958,7,2,2,66,2,7282),(959,7,2,2,25,2,7283),(960,7,2,2,67,2,7284),(961,7,2,2,26,2,7285),(962,7,2,2,68,2,7286),(963,7,2,2,27,2,7287),(964,7,2,2,69,2,7288),(965,7,2,2,28,2,7289),(966,7,2,2,70,2,7290),(967,7,2,2,29,2,7291),(968,7,2,2,71,2,7292),(969,7,2,2,30,2,7293),(970,7,2,2,72,2,7294),(971,7,2,2,31,2,7295),(972,7,2,2,73,2,7296),(973,7,2,2,32,2,7297),(974,7,2,2,74,2,7298),(975,7,2,2,33,2,7299),(976,7,2,2,75,2,7300),(977,7,2,2,34,2,7301),(978,7,2,2,76,2,7302),(979,7,2,2,35,2,7303),(980,7,2,2,77,2,7304),(981,7,2,2,36,2,7305),(982,7,2,2,78,2,7306),(983,7,2,2,37,2,7307),(984,7,2,2,79,2,7308),(985,7,2,2,38,2,7309),(986,7,2,2,80,2,7310),(987,7,2,2,39,2,7311),(988,7,2,2,81,2,7312),(989,7,2,2,40,2,7313),(990,7,2,2,82,2,7314),(991,7,2,2,41,2,7315),(992,7,2,2,83,2,7316),(993,7,2,2,42,2,7317),(994,7,2,2,84,2,7318),(995,7,2,2,43,2,7319),(996,7,2,2,85,2,7320),(997,7,2,2,44,2,7321),(998,7,2,2,86,2,7322),(999,7,2,2,45,2,7323),(1000,7,2,2,87,2,7324),(1001,7,2,2,46,2,7325),(1002,7,2,2,88,2,7326),(1003,7,2,2,47,2,7327),(1004,7,2,2,89,2,7328),(1005,7,2,2,48,2,7329),(1006,7,2,2,90,2,7330),(1007,7,2,2,49,2,7331),(1008,7,2,2,91,2,7332),(1009,7,2,2,50,2,7333),(1010,7,2,2,92,2,7334),(1011,7,2,2,51,2,7335),(1012,7,2,2,93,2,7336),(1013,7,2,2,52,2,7337),(1014,7,2,2,53,2,7338),(1015,7,2,2,54,2,7339),(1016,7,2,1,8,2,7340),(1017,7,2,1,9,2,7341),(1018,7,2,1,55,2,7342),(1019,7,2,1,10,2,7343),(1020,7,2,1,11,2,7344),(1021,7,2,1,12,2,7345),(1022,7,2,1,56,2,7346),(1023,7,2,1,13,2,7347),(1024,7,2,1,57,2,7348),(1025,7,2,1,14,2,7349),(1026,7,2,1,58,2,7350),(1027,7,2,1,15,2,7351),(1028,7,2,1,16,2,7352),(1029,7,2,1,17,2,7353),(1030,7,2,1,59,2,7354),(1031,7,2,1,18,2,7355),(1032,7,2,1,60,2,7356),(1033,7,2,1,19,2,7357),(1034,7,2,1,62,2,7358),(1035,7,2,1,20,2,7359),(1036,7,2,1,21,2,7360),(1037,7,2,1,22,2,7361),(1038,7,2,1,64,2,7362),(1039,7,2,1,23,2,7363),(1040,7,2,1,65,2,7364),(1041,7,2,1,24,2,7365),(1042,7,2,1,66,2,7366),(1043,7,2,1,25,2,7367),(1044,7,2,1,67,2,7368),(1045,7,2,1,26,2,7369),(1046,7,2,1,68,2,7370),(1047,7,2,1,27,2,7371),(1048,7,2,1,69,2,7372),(1049,7,2,1,28,2,7373),(1050,7,2,1,70,2,7374),(1051,7,2,1,29,2,7375),(1052,7,2,1,71,2,7376),(1053,7,2,1,30,2,7377),(1054,7,2,1,72,2,7378),(1055,7,2,1,31,2,7379),(1056,7,2,1,73,2,7380),(1057,7,2,1,32,2,7381),(1058,7,2,1,74,2,7382),(1059,7,2,1,33,2,7383),(1060,7,2,1,75,2,7384),(1061,7,2,1,34,2,7385),(1062,7,2,1,76,2,7386),(1063,7,2,1,35,2,7387),(1064,7,2,1,77,2,7388),(1065,7,2,1,36,2,7389),(1066,7,2,1,78,2,7390),(1067,7,2,1,37,2,7391),(1068,7,2,1,79,2,7392),(1069,7,2,1,38,2,7393),(1070,7,2,1,80,2,7394),(1071,7,2,1,39,2,7395),(1072,7,2,1,81,2,7396),(1073,7,2,1,40,2,7397),(1074,7,2,1,82,2,7398),(1075,7,2,1,41,2,7399),(1076,7,2,1,83,2,7400),(1077,7,2,1,42,2,7401),(1078,7,2,1,84,2,7402),(1079,7,2,1,43,2,7403),(1080,7,2,1,85,2,7404),(1081,7,2,1,44,2,7405),(1082,7,2,1,86,2,7406),(1083,7,2,1,45,2,7407),(1084,7,2,1,87,2,7408),(1085,7,2,1,46,2,7409),(1086,7,2,1,88,2,7410),(1087,7,2,1,47,2,7411),(1088,7,2,1,89,2,7412),(1089,7,2,1,48,2,7413),(1090,7,2,1,90,2,7414),(1091,7,2,1,49,2,7415),(1092,7,2,1,91,2,7416),(1093,7,2,1,50,2,7417),(1094,7,2,1,92,2,7418),(1095,7,2,1,51,2,7419),(1096,7,2,1,93,2,7420),(1097,7,2,1,52,2,7421),(1098,7,2,1,53,2,7422),(1099,7,2,1,54,2,7423),(1100,7,1,1,8,2,9814),(1101,7,1,1,9,2,9815),(1102,7,1,1,55,2,9816),(1103,7,1,1,10,2,9817),(1104,7,1,1,11,2,9818),(1105,7,1,1,12,2,9819),(1106,7,1,1,56,2,9820),(1107,7,1,1,13,2,9821),(1108,7,1,1,57,2,9822),(1109,7,1,1,14,2,9823),(1110,7,1,1,58,2,9824),(1111,7,1,1,15,2,9825),(1112,7,1,1,16,2,9826),(1113,7,1,1,17,2,9827),(1114,7,1,1,59,2,9828),(1115,7,1,1,18,2,9829),(1116,7,1,1,60,2,9830),(1117,7,1,1,19,2,9831),(1118,7,1,1,62,2,9832),(1119,7,1,1,20,2,9833),(1120,7,1,1,21,2,9834),(1121,7,1,1,22,2,9835),(1122,7,1,1,64,2,9836),(1123,7,1,1,23,2,9837),(1124,7,1,1,65,2,9838),(1125,7,1,1,24,2,9839),(1126,7,1,1,66,2,9840),(1127,7,1,1,25,2,9841),(1128,7,1,1,67,2,9842),(1129,7,1,1,26,2,9608),(1130,7,1,1,68,2,9609),(1131,7,1,1,27,2,9610),(1132,7,1,1,69,2,9611),(1133,7,1,1,28,2,9612),(1134,7,1,1,70,2,9613),(1135,7,1,1,29,2,9614),(1136,7,1,1,71,2,9615),(1137,7,1,1,30,2,9616),(1138,7,1,1,72,2,9617),(1139,7,1,1,31,2,9618),(1140,7,1,1,73,2,9619),(1141,7,1,1,32,2,9620),(1142,7,1,1,74,2,9621),(1143,7,1,1,33,2,9622),(1144,7,1,1,75,2,9623),(1145,7,1,1,34,2,9624),(1146,7,1,1,76,2,9625),(1147,7,1,1,35,2,9626),(1148,7,1,1,77,2,9627),(1149,7,1,1,36,2,9628),(1150,7,1,1,78,2,9629),(1151,7,1,1,37,2,9630),(1152,7,1,1,79,2,9631),(1153,7,1,1,38,2,9632),(1154,7,1,1,80,2,9633),(1155,7,1,1,39,2,9634),(1156,7,1,1,81,2,9635),(1157,7,1,1,40,2,9636),(1158,7,1,1,82,2,9637),(1159,7,1,1,41,2,9638),(1160,7,1,1,83,2,9639),(1161,7,1,1,42,2,9640),(1162,7,1,1,84,2,9641),(1163,7,1,1,43,2,9642),(1164,7,1,1,85,2,9643),(1165,7,1,1,44,2,9644),(1166,7,1,1,86,2,9645),(1167,7,1,1,45,2,9646),(1168,7,1,1,87,2,9647),(1169,7,1,1,46,2,9648),(1170,7,1,1,88,2,9649),(1171,7,1,1,47,2,9650),(1172,7,1,1,89,2,9651),(1173,7,1,1,48,2,9652),(1174,7,1,1,90,2,9653),(1175,7,1,1,49,2,9654),(1176,7,1,1,91,2,9655),(1177,7,1,1,50,2,9656),(1178,7,1,1,92,2,9657),(1179,7,1,1,51,2,9658),(1180,7,1,1,93,2,9894),(1181,7,1,1,52,2,9895),(1182,7,1,1,53,2,9897),(1183,7,1,1,54,2,9899),(1184,7,1,2,8,2,9714),(1185,7,1,2,9,2,9715),(1186,7,1,2,55,2,9716),(1187,7,1,2,10,2,9717),(1188,7,1,2,11,2,9718),(1189,7,1,2,12,2,9719),(1190,7,1,2,56,2,9720),(1191,7,1,2,13,2,9721),(1192,7,1,2,57,2,9722),(1193,7,1,2,14,2,9723),(1194,7,1,2,58,2,9724),(1195,7,1,2,15,2,9725),(1196,7,1,2,16,2,9726),(1197,7,1,2,17,2,9727),(1198,7,1,2,59,2,9728),(1199,7,1,2,18,2,9729),(1200,7,1,2,60,2,9730),(1201,7,1,2,19,2,9731),(1202,7,1,2,62,2,9732),(1203,7,1,2,20,2,9733),(1204,7,1,2,21,2,9734),(1205,7,1,2,22,2,9735),(1206,7,1,2,64,2,9736),(1207,7,1,2,23,2,9737),(1208,7,1,2,65,2,9738),(1209,7,1,2,24,2,9739),(1210,7,1,2,66,2,9740),(1211,7,1,2,25,2,9741),(1212,7,1,2,67,2,9742),(1213,7,1,2,26,2,9508),(1214,7,1,2,68,2,9509),(1215,7,1,2,27,2,9510),(1216,7,1,2,69,2,9511),(1217,7,1,2,28,2,9512),(1218,7,1,2,70,2,9513),(1219,7,1,2,29,2,9514),(1220,7,1,2,71,2,9515),(1221,7,1,2,30,2,9516),(1222,7,1,2,72,2,9517),(1223,7,1,2,31,2,9518),(1224,7,1,2,73,2,9519),(1225,7,1,2,32,2,9520),(1226,7,1,2,74,2,9521),(1227,7,1,2,33,2,9522),(1228,7,1,2,75,2,9523),(1229,7,1,2,34,2,9524),(1230,7,1,2,76,2,9525),(1231,7,1,2,35,2,9526),(1232,7,1,2,77,2,9527),(1233,7,1,2,36,2,9528),(1234,7,1,2,78,2,9529),(1235,7,1,2,37,2,9530),(1236,7,1,2,79,2,9531),(1237,7,1,2,38,2,9532),(1238,7,1,2,80,2,9533),(1239,7,1,2,39,2,9534),(1240,7,1,2,81,2,9535),(1241,7,1,2,40,2,9536),(1242,7,1,2,82,2,9537),(1243,7,1,2,41,2,9538),(1244,7,1,2,83,2,9539),(1245,7,1,2,42,2,9540),(1246,7,1,2,84,2,9541),(1247,7,1,2,43,2,9542),(1248,7,1,2,85,2,9543),(1249,7,1,2,44,2,9544),(1250,7,1,2,86,2,9545),(1251,7,1,2,45,2,9546),(1252,7,1,2,87,2,9547),(1253,7,1,2,46,2,9548),(1254,7,1,2,88,2,9549),(1255,7,1,2,47,2,9550),(1256,7,1,2,89,2,9551),(1257,7,1,2,48,2,9552),(1258,7,1,2,90,2,9553),(1259,7,1,2,49,2,9554),(1260,7,1,2,91,2,9555),(1261,7,1,2,50,2,9556),(1262,7,1,2,92,2,9557),(1263,7,1,2,51,2,9558),(1264,7,1,2,93,2,9794),(1265,7,1,2,52,2,9795),(1266,7,1,2,53,2,9797),(1267,7,1,2,54,2,9799),(1268,8,2,4,27,2,9423),(1269,8,2,4,28,2,9418),(1270,8,2,4,29,2,9424),(1271,8,2,4,30,2,9425),(1272,8,2,4,31,2,9152),(1273,8,2,4,32,2,9321),(1274,8,2,4,33,2,9153),(1275,8,2,4,34,2,9250),(1276,8,2,4,35,2,9154),(1277,8,2,4,36,2,9056),(1278,8,2,4,37,2,9016),(1279,8,2,4,38,2,9251),(1280,8,2,4,39,2,9142),(1281,8,2,4,40,2,9143),(1282,8,2,4,41,2,9252),(1283,8,2,4,42,2,9101),(1284,8,2,4,43,2,9186),(1285,8,2,4,44,2,9253),(1286,8,2,4,45,2,9015),(1287,8,2,4,46,2,9014),(1288,8,2,4,47,2,9003),(1289,8,2,4,48,2,9004),(1290,8,2,4,49,2,9102),(1291,8,2,4,50,2,9011),(1292,8,2,4,51,2,9133),(1293,8,2,4,52,2,9410),(1294,8,2,4,53,2,9202),(1295,8,2,4,54,2,9415),(1296,9,2,4,24,2,522260),(1297,9,2,4,25,2,522262),(1298,9,2,4,26,2,522265),(1299,9,2,4,27,2,522267),(1300,9,2,4,28,2,522269),(1301,9,2,4,29,2,522272),(1302,9,2,4,30,2,522274),(1303,9,2,4,31,2,522276),(1304,9,2,4,32,2,522278),(1305,9,2,4,33,2,522214),(1306,9,2,4,34,2,522216),(1307,9,2,4,35,2,522219),(1308,9,2,4,36,2,522221),(1309,9,2,4,37,2,522223),(1310,9,2,4,38,2,522226),(1311,9,2,4,39,2,522228),(1312,9,2,4,40,2,522230),(1313,9,2,4,41,2,522233),(1314,9,2,4,42,2,522235),(1315,9,2,4,43,2,522237),(1316,9,2,4,44,2,522239),(1317,9,2,4,45,2,522241),(1318,9,2,4,46,2,522243),(1319,9,2,4,47,2,522245),(1320,9,2,4,48,2,522247),(1321,9,2,4,49,2,522250),(1322,9,2,4,50,2,522252),(1323,9,2,4,51,2,522254),(1324,9,2,4,52,2,522257),(1325,9,2,4,53,2,522258),(1326,9,2,4,54,2,522259),(1327,3,2,2,67,2,2058),(1328,3,2,1,67,2,3279),(1329,3,1,1,67,2,2059),(1330,3,1,2,67,2,3281),(1331,5,2,2,67,2,2761),(1332,5,2,1,67,2,2486),(1333,5,1,2,67,2,2573),(1334,5,1,3,67,2,2486),(1335,5,1,1,67,2,3293);
/*!40000 ALTER TABLE `XRefPartNumber` ENABLE KEYS */;
UNLOCK TABLES;

--
-- Dumping routines for database 'PartNumber'
--
/*!40103 SET TIME_ZONE=@OLD_TIME_ZONE */;

/*!40101 SET SQL_MODE=@OLD_SQL_MODE */;
/*!40014 SET FOREIGN_KEY_CHECKS=@OLD_FOREIGN_KEY_CHECKS */;
/*!40014 SET UNIQUE_CHECKS=@OLD_UNIQUE_CHECKS */;
/*!40101 SET CHARACTER_SET_CLIENT=@OLD_CHARACTER_SET_CLIENT */;
/*!40101 SET CHARACTER_SET_RESULTS=@OLD_CHARACTER_SET_RESULTS */;
/*!40101 SET COLLATION_CONNECTION=@OLD_COLLATION_CONNECTION */;
/*!40111 SET SQL_NOTES=@OLD_SQL_NOTES */;

-- Dump completed on 2018-03-12 13:21:02
